{
    "type": "minecraft:entity",
    "pools": [
        {
            "rolls": 1,
            "entries": [
                {
                    "type": "minecraft:item",
                    "name": "minecraft:player_head",
                    "functions": [
                        {
                            "function": "minecraft:set_lore",
                            "entity": "killer_player",
                            "lore": [
                                [
                                    {
                                        "italic": false,
                                        "color": "gold",
                                        "text": "Killed by "
                                    },
                                    {
                                        "color": "yellow",
                                        "selector": "@s"
                                    }
                                ]
                            ],
                            "mode": "replace_all"
                        },
                        {
                            "function": "minecraft:fill_player_head",
                            "entity": "this"
                        }
                    ],
                    "conditions": [
                        {
                            "condition": "minecraft:killed_by_player"
                        }
                    ]
                }
            ]
        }
    ]
}