{
	"function": "minecraft:sequence",
	"functions": [
		{
			"function": "minecraft:set_custom_data",
			"tag": "{armored_elytra:{armored:true}}"
		},
		{
			"function": "minecraft:set_attributes",
			"replace": false,
			"modifiers": [
				{
					"name": "Armor",
					"attribute": "minecraft:generic.armor",
					"operation": "add_value",
					"amount": 8.0,
					"slot": "chest"
				},
				{
					"name": "Armor Toughness",
					"attribute": "minecraft:generic.armor_toughness",
					"operation": "add_value",
					"amount": 3.0,
					"slot": "chest"
				},
				{
					"name": "Knockback Resistance",
					"attribute": "minecraft:generic.knockback_resistance",
					"operation": "add_value",
					"amount": 0.1,
					"slot": "chest"
				}
			]
		},
		{
			"function": "minecraft:set_custom_model_data",
			"value": 13522556
		}
	]
}