{
    "parent": "minecraft:recipes/root",
    "criteria": {
        "has_item": {
            "trigger": "minecraft:inventory_changed",
            "conditions": {
                "items": [
                    {
                        "item": "minecraft:string"
                    }
                ]
            }
        },
        "has_the_recipe": {
            "trigger": "minecraft:recipe_unlocked",
            "conditions": {
                "recipe": "minecraft:straight_to_shapeless/white_wool"
            }
        }
    },
    "requirements": [
        [
            "has_item",
            "has_the_recipe"
        ]
    ],
    "rewards": {
        "recipes": [
            "minecraft:straight_to_shapeless/white_wool"
        ]
    }
}