{
  "name": "example:room/custom_dungeon_start",
  "fallback": "minecraft:empty",
  "elements": [
    {
      "weight": 10,
      "element": {
        "element_type": "minecraft:single_pool_element",
        "location": "example:room/room_1",
        "projection": "rigid",
        "processors": "minecraft:empty"
      }
    },
    {
      "weight": 10,
      "element": {
        "element_type": "minecraft:single_pool_element",
        "location": "example:room/room_2",
        "projection": "rigid",
        "processors": "minecraft:empty"
      }
    },
    {
      "weight": 10,
      "element": {
        "element_type": "minecraft:single_pool_element",
        "location": "example:room/room_3",
        "projection": "rigid",
        "processors": "minecraft:empty"
      }
    },
    {
      "weight": 10,
      "element": {
        "element_type": "minecraft:single_pool_element",
        "location": "example:room/room_4",
        "projection": "rigid",
        "processors": "minecraft:empty"
      }
    },
    {
      "weight": 10,
      "element": {
        "element_type": "minecraft:single_pool_element",
        "location": "example:room/room_5",
        "projection": "rigid",
        "processors": "minecraft:empty"
      }
    },
    {
      "weight": 10,
      "element": {
        "element_type": "minecraft:single_pool_element",
        "location": "example:room/room_6",
        "projection": "rigid",
        "processors": "minecraft:empty"
      }
    },
    {
      "weight": 10,
      "element": {
        "element_type": "minecraft:single_pool_element",
        "location": "example:room/room_7",
        "projection": "rigid",
        "processors": "minecraft:empty"
      }
    },
    {
      "weight": 10,
      "element": {
        "element_type": "minecraft:single_pool_element",
        "location": "example:room/room_8",
        "projection": "rigid",
        "processors": "minecraft:empty"
      }
    },
    {
      "weight": 10,
      "element": {
        "element_type": "minecraft:single_pool_element",
        "location": "example:room/room_10",
        "projection": "rigid",
        "processors": "minecraft:empty"
      }
    }
  ]
}
