{
    "type": "minecraft:entity",
    "pools": [
        {
            "rolls": 1,
            "entries": [
                {
                    "type": "minecraft:loot_table",
                    "value": "vanilla:entities/allay"
                }
            ]
        },
        {
            "rolls": 1,
            "entries": [
                {
                    "type": "item",
                    "name": "minecraft:player_head",
                    "weight": 1,
                    "functions": [
                        {
                            "function": "set_components",
                            "components": {
                                "minecraft:note_block_sound": "minecraft:entity.armadillo.ambient",
                                "minecraft:profile": {
                                    "properties": [
                                        {
                                            "name": "textures",
                                            "value": "eyJ0ZXh0dXJlcyI6eyJTS0lOIjp7InVybCI6Imh0dHA6Ly90ZXh0dXJlcy5taW5lY3JhZnQubmV0L3RleHR1cmUvNjYwN2FlN2E3MDE3NjczMzZjMDZiMGM0ZmZhODFkZmYyY2ZkOGJjMDcwZDk1NzE0YTZiYWRmMGVmYjcyNjNlMSJ9fX0="
                                        }
                                    ]
                                },
                                "minecraft:item_name": "\"Armadillo Head\""
                            }
                        }
                    ]
                }
            ],
            "conditions": [
                {
                    "condition": "killed_by_player"
                },
                {
                    "condition": "random_chance_with_looting",
                    "chance": 0.1,
                    "looting_multiplier": 0.005
                }
            ]
        }
    ]
}