{
  "type": "minecraft:entity",
  "pools": [
    {
      "rolls": 1,
      "entries": [
        {
          "type": "minecraft:loot_table",
          "value": "vanilla:entities/panda"
        }
      ]
    },
    {
      "rolls": 1,
      "entries": [
        {
          "type": "minecraft:alternatives",
          "conditions": [
            {
              "condition": "killed_by_player"
            },
            {
              "condition": "random_chance_with_looting",
              "chance": 0.27,
              "looting_multiplier": 0.004
            }
          ],
          "children": [
            {
              "type": "item",
              "name": "minecraft:player_head",
              "functions": [
                {
                  "function": "set_components",
                  "components": {
                    "minecraft:note_block_sound": "minecraft:entity.panda.aggressive_ambient",
                    "minecraft:profile": {
                      "properties": [
                        {
                          "name": "textures",
                          "value": "eyJ0ZXh0dXJlcyI6eyJTS0lOIjp7InVybCI6Imh0dHA6Ly90ZXh0dXJlcy5taW5lY3JhZnQubmV0L3RleHR1cmUvZTU0NmU0MzZkMTY2YjE3ZjA1MjFiZDg1MzhlYTEzY2Q2ZWUzYjVkZjEwMmViMzJlM2U0MjVjYjI4NWQ0NDA2MyJ9fX0="
                        }
                      ]
                    },
                    "minecraft:item_name": "\"Aggressive Panda Head\""
                  }
                }
              ],
              "conditions": [
                {
                  "condition": "entity_properties",
                  "predicate": {
                    "nbt": "{MainGene:\"aggressive\"}"
                  },
                  "entity": "this"
                }
              ]
            },
            {
              "type": "item",
              "name": "minecraft:player_head",
              "functions": [
                {
                  "function": "set_components",
                  "components": {
                    "minecraft:note_block_sound": "minecraft:entity.panda.ambient",
                    "minecraft:profile": {
                      "properties": [
                        {
                          "name": "textures",
                          "value": "eyJ0ZXh0dXJlcyI6eyJTS0lOIjp7InVybCI6Imh0dHA6Ly90ZXh0dXJlcy5taW5lY3JhZnQubmV0L3RleHR1cmUvNTg3ZjFmNWRiMmUyNGRmNGRhYWVkNDY4NWQ2YWVlNWRlYjdjZGQwMjk2MzBmMDA3OWMxZjhlMWY5NzQxYWNmZCJ9fX0="
                        }
                      ]
                    },
                    "minecraft:item_name": "\"Lazy Panda Head\""
                  }
                }
              ],
              "conditions": [
                {
                  "condition": "entity_properties",
                  "predicate": {
                    "nbt": "{MainGene:\"lazy\"}"
                  },
                  "entity": "this"
                }
              ]
            },
            {
              "type": "item",
              "name": "minecraft:player_head",
              "functions": [
                {
                  "function": "set_components",
                  "components": {
                    "minecraft:note_block_sound": "minecraft:entity.panda.ambient",
                    "minecraft:profile": {
                      "properties": [
                        {
                          "name": "textures",
                          "value": "eyJ0ZXh0dXJlcyI6eyJTS0lOIjp7InVybCI6Imh0dHA6Ly90ZXh0dXJlcy5taW5lY3JhZnQubmV0L3RleHR1cmUvOGNhZGQ0YmYzYzRjYWNlOTE2NjgwZTFmZWY5MGI1ZDE2YWQ2NjQzOTUxNzI1NjY4YmE2YjQ5OTZiNjljYTE0MCJ9fX0="
                        }
                      ]
                    },
                    "minecraft:item_name": "\"Playful Panda Head\""
                  }
                }
              ],
              "conditions": [
                {
                  "condition": "entity_properties",
                  "predicate": {
                    "nbt": "{MainGene:\"playful\"}"
                  },
                  "entity": "this"
                }
              ]
            },
            {
              "type": "item",
              "name": "minecraft:player_head",
              "functions": [
                {
                  "function": "set_components",
                  "components": {
                    "minecraft:note_block_sound": "minecraft:entity.panda.worried_ambient",
                    "minecraft:profile": {
                      "properties": [
                        {
                          "name": "textures",
                          "value": "eyJ0ZXh0dXJlcyI6eyJTS0lOIjp7InVybCI6Imh0dHA6Ly90ZXh0dXJlcy5taW5lY3JhZnQubmV0L3RleHR1cmUvZmI4NmZkMWJmOGNiY2UyM2JjMDhmYjkwNjkxNzE3NjExYWRkYzg1YWI4MjNiNzcxNGFlYzk4YTU2NjBlZmYxNSJ9fX0="
                        }
                      ]
                    },
                    "minecraft:item_name": "\"Worried Panda Head\""
                  }
                }
              ],
              "conditions": [
                {
                  "condition": "entity_properties",
                  "predicate": {
                    "nbt": "{MainGene:\"worried\"}"
                  },
                  "entity": "this"
                }
              ]
            },
            {
              "type": "item",
              "name": "minecraft:player_head",
              "functions": [
                {
                  "function": "set_components",
                  "components": {
                    "minecraft:note_block_sound": "minecraft:entity.panda.ambient",
                    "minecraft:profile": {
                      "properties": [
                        {
                          "name": "textures",
                          "value": "eyJ0ZXh0dXJlcyI6eyJTS0lOIjp7InVybCI6Imh0dHA6Ly90ZXh0dXJlcy5taW5lY3JhZnQubmV0L3RleHR1cmUvMWQ1ZjZkNjEyNjcyODY3MWI0NGMxYzc3NWY5OTYxNzQyNGUzMzYxMWI1ZDMxYWQyYWNmZjI4MDRlYjk2ZWIwNiJ9fX0="
                        }
                      ]
                    },
                    "minecraft:item_name": "\"Brown Panda Head\""
                  }
                }
              ],
              "conditions": [
                {
                  "condition": "entity_properties",
                  "predicate": {
                    "nbt": "{MainGene:\"brown\",HiddenGene:\"brown\"}"
                  },
                  "entity": "this"
                }
              ]
            },
            {
              "type": "item",
              "name": "minecraft:player_head",
              "functions": [
                {
                  "function": "set_components",
                  "components": {
                    "minecraft:note_block_sound": "minecraft:entity.panda.sneeze",
                    "minecraft:profile": {
                      "properties": [
                        {
                          "name": "textures",
                          "value": "eyJ0ZXh0dXJlcyI6eyJTS0lOIjp7InVybCI6Imh0dHA6Ly90ZXh0dXJlcy5taW5lY3JhZnQubmV0L3RleHR1cmUvY2M1NmEzNTVmYmUwZTJmYmQyOGU4NWM0ZDgxNWZmYTVkMWY5ZDVmODc5OGRiYzI1OWZmODhjNGFkZGIyMDJhZSJ9fX0="
                        }
                      ]
                    },
                    "minecraft:item_name": "\"Weak Panda Head\""
                  }
                }
              ],
              "conditions": [
                {
                  "condition": "entity_properties",
                  "predicate": {
                    "nbt": "{MainGene:\"weak\",HiddenGene:\"weak\"}"
                  },
                  "entity": "this"
                }
              ]
            },
            {
              "type": "item",
              "name": "minecraft:player_head",
              "functions": [
                {
                  "function": "set_components",
                  "components": {
                    "minecraft:note_block_sound": "minecraft:entity.panda.ambient",
                    "minecraft:profile": {
                      "properties": [
                        {
                          "name": "textures",
                          "value": "eyJ0ZXh0dXJlcyI6eyJTS0lOIjp7InVybCI6Imh0dHA6Ly90ZXh0dXJlcy5taW5lY3JhZnQubmV0L3RleHR1cmUvNTlkZjQ3ZTAxNWQ1YzFjNjhkNzJiZTExYmI2NTYzODBmYzZkYjUzM2FhYjM4OTQxYTkxYjFkM2Q1ZTM5NjQ5NyJ9fX0="
                        }
                      ]
                    },
                    "minecraft:item_name": "\"Panda Head\""
                  }
                }
              ]
            }
          ]
        }
      ]
    }
  ]
}
