{
  "argument": {
    "argument": {
      "argument1": {
        "argument1": 10.0,
        "argument2": {
          "argument1": 1.0,
          "argument2": {
            "argument1": -1.0,
            "argument2": {
              "argument": {
                "type": "minecraft:blend_alpha"
              },
              "type": "minecraft:cache_once"
            },
            "type": "minecraft:mul"
          },
          "type": "minecraft:add"
        },
        "type": "minecraft:mul"
      },
      "argument2": {
        "argument1": {
          "spline": 
          {
            "coordinate":"overworld/continents",
            "points":[
               {
                  "location":-0.93,
                  "derivative":-0.2,
                  "value":{
                     "coordinate":"overworld/erosion",
                     "points":[
                        {
                           "location":-1,
                           "derivative":0,
                           "value":2
                        },
                        {
                           "location":-0.75,
                           "derivative":0,
                           "value":2
                        },
                        {
                           "location":-0.79,
                           "derivative":0,
                           "value":9
                        },
                        {
                           "location":-0.77,
                           "derivative":0,
                           "value":3
                        },
                        {
                           "location":-0.7,
                           "derivative":-7,
                           "value":2
                        },
                        {
                           "location":-0.33,
                           "derivative":0,
                           "value":0.45
                        },
                        {
                           "location":-0.24,
                           "derivative":8,
                           "value":2
                        },
                        {
                           "location":-0.225,
                           "derivative":0,
                           "value":9
                        },
                        {
                           "location":0.04,
                           "derivative":0,
                           "value":9
                        },
                        {
                           "location":0.06,
                           "derivative":0,
                           "value":9
                        },
                        {
                           "location":0.14,
                           "derivative":0,
                           "value":{
                              "coordinate":"overworld/ridges",
                              "points":[
                                 {
                                    "location":-0.7,
                                    "derivative":0,
                                    "value":0.7
                                 },
                                 {
                                    "location":-0.6,
                                    "derivative":0,
                                    "value":3
                                 },
                                 {
                                    "location":-0.1,
                                    "derivative":0,
                                    "value":5
                                 },
                                 {
                                    "location":0.1,
                                    "derivative":-4,
                                    "value":5
                                 },
                                 {
                                    "location":0.5,
                                    "derivative":0,
                                    "value":1
                                 }
                              ]
                           }
                        },
                        {
                           "location":0.33,
                           "derivative":0,
                           "value":{
                              "coordinate":"overworld/ridges",
                              "points":[
                                 {
                                    "location":-1,
                                    "derivative":0,
                                    "value":3
                                 },
                                 {
                                    "location":-0.1,
                                    "derivative":0,
                                    "value":5
                                 },
                                 {
                                    "location":0.1,
                                    "derivative":-4,
                                    "value":5
                                 },
                                 {
                                    "location":0.5,
                                    "derivative":0,
                                    "value":1
                                 }
                              ]
                           }
                        },
                        {
                           "location":0.38,
                           "derivative":0,
                           "value":9
                        },
                        {
                           "location":0.56,
                           "derivative":0,
                           "value":9
                        },
                        {
                           "location":0.585,
                           "derivative":0,
                           "value":1.2
                        },
                        {
                           "location":1,
                           "derivative":0,
                           "value":1.2
                        }
                     ]
                  }
               },
               {
                  "location":-0.9,
                  "derivative":0,
                  "value":3.95
               },
               {
                  "location":-0.19,
                  "derivative":0,
                  "value":3.95
               },
               {
                  "location":-0.15,
                  "derivative":0,
                  "value":{
                     "coordinate":"overworld/erosion",
                     "points":[
                        {
                           "location":-0.6,
                           "derivative":0,
                           "value":{
                              "coordinate":"overworld/ridges",
                              "points":[
                                 {
                                    "location":-0.2,
                                    "derivative":0,
                                    "value":6.3
                                 },
                                 {
                                    "location":0.2,
                                    "derivative":0,
                                    "value":6.25
                                 }
                              ]
                           }
                        },
                        {
                           "location":-0.5,
                           "derivative":0,
                           "value":{
                              "coordinate":"overworld/ridges",
                              "points":[
                                 {
                                    "location":-0.05,
                                    "derivative":0,
                                    "value":6.3
                                 },
                                 {
                                    "location":0.05,
                                    "derivative":0,
                                    "value":2.67
                                 }
                              ]
                           }
                        },
                        {
                           "location":-0.35,
                           "derivative":0,
                           "value":{
                              "coordinate":"overworld/ridges",
                              "points":[
                                 {
                                    "location":-0.2,
                                    "derivative":0,
                                    "value":6.3
                                 },
                                 {
                                    "location":0.2,
                                    "derivative":0,
                                    "value":6.25
                                 }
                              ]
                           }
                        },
                        {
                           "location":-0.25,
                           "derivative":0,
                           "value":{
                              "coordinate":"overworld/ridges",
                              "points":[
                                 {
                                    "location":-0.2,
                                    "derivative":0,
                                    "value":6.3
                                 },
                                 {
                                    "location":0.2,
                                    "derivative":0,
                                    "value":6.25
                                 }
                              ]
                           }
                        },
                        {
                           "location":-0.1,
                           "derivative":0,
                           "value":{
                              "coordinate":"overworld/ridges",
                              "points":[
                                 {
                                    "location":-0.05,
                                    "derivative":0,
                                    "value":2.67
                                 },
                                 {
                                    "location":0.05,
                                    "derivative":0,
                                    "value":6.3
                                 }
                              ]
                           }
                        },
                        {
                           "location":0.03,
                           "derivative":0,
                           "value":{
                              "coordinate":"overworld/ridges",
                              "points":[
                                 {
                                    "location":-0.2,
                                    "derivative":0,
                                    "value":6.3
                                 },
                                 {
                                    "location":0.2,
                                    "derivative":0,
                                    "value":6.25
                                 }
                              ]
                           }
                        },
                        {
                           "location":0.35,
                           "derivative":0,
                           "value":6.25
                        },
                        {
                           "location":0.45,
                           "derivative":0,
                           "value":{
                              "coordinate":"overworld/ridges_folded",
                              "points":[
                                 {
                                    "location":-0.9,
                                    "derivative":0,
                                    "value":6.25
                                 },
                                 {
                                    "location":-0.69,
                                    "derivative":0,
                                    "value":{
                                       "coordinate":"overworld/ridges",
                                       "points":[
                                          {
                                             "location":0,
                                             "derivative":0,
                                             "value":6.25
                                          },
                                          {
                                             "location":0.1,
                                             "derivative":0,
                                             "value":0.625
                                          }
                                       ]
                                    }
                                 }
                              ]
                           }
                        },
                        {
                           "location":0.55,
                           "derivative":0,
                           "value":{
                              "coordinate":"overworld/ridges_folded",
                              "points":[
                                 {
                                    "location":-0.9,
                                    "derivative":0,
                                    "value":6.25
                                 },
                                 {
                                    "location":-0.69,
                                    "derivative":0,
                                    "value":{
                                       "coordinate":"overworld/ridges",
                                       "points":[
                                          {
                                             "location":0,
                                             "derivative":0,
                                             "value":6.25
                                          },
                                          {
                                             "location":0.1,
                                             "derivative":0,
                                             "value":0.625
                                          }
                                       ]
                                    }
                                 }
                              ]
                           }
                        },
                        {
                           "location":0.62,
                           "derivative":0,
                           "value":6.25
                        }
                     ]
                  }
               },
               {
                  "location":-0.1,
                  "derivative":0,
                  "value":{
                     "coordinate":"overworld/erosion",
                     "points":[
                        {
                           "location":-0.6,
                           "derivative":0,
                           "value":{
                              "coordinate":"overworld/ridges",
                              "points":[
                                 {
                                    "location":-0.2,
                                    "derivative":0,
                                    "value":6.3
                                 },
                                 {
                                    "location":0.2,
                                    "derivative":0,
                                    "value":5.47
                                 }
                              ]
                           }
                        },
                        {
                           "location":-0.5,
                           "derivative":0,
                           "value":{
                              "coordinate":"overworld/ridges",
                              "points":[
                                 {
                                    "location":-0.05,
                                    "derivative":0,
                                    "value":6.3
                                 },
                                 {
                                    "location":0.05,
                                    "derivative":0,
                                    "value":2.67
                                 }
                              ]
                           }
                        },
                        {
                           "location":-0.35,
                           "derivative":0,
                           "value":{
                              "coordinate":"overworld/ridges",
                              "points":[
                                 {
                                    "location":-0.2,
                                    "derivative":0,
                                    "value":6.3
                                 },
                                 {
                                    "location":0.2,
                                    "derivative":0,
                                    "value":5.47
                                 }
                              ]
                           }
                        },
                        {
                           "location":-0.25,
                           "derivative":0,
                           "value":{
                              "coordinate":"overworld/ridges",
                              "points":[
                                 {
                                    "location":-0.2,
                                    "derivative":0,
                                    "value":6.3
                                 },
                                 {
                                    "location":0.2,
                                    "derivative":0,
                                    "value":5.47
                                 }
                              ]
                           }
                        },
                        {
                           "location":-0.1,
                           "derivative":0,
                           "value":{
                              "coordinate":"overworld/ridges",
                              "points":[
                                 {
                                    "location":-0.05,
                                    "derivative":0,
                                    "value":2.67
                                 },
                                 {
                                    "location":0.05,
                                    "derivative":0,
                                    "value":6.3
                                 }
                              ]
                           }
                        },
                        {
                           "location":0.03,
                           "derivative":0,
                           "value":{
                              "coordinate":"overworld/ridges",
                              "points":[
                                 {
                                    "location":-0.2,
                                    "derivative":0,
                                    "value":6.3
                                 },
                                 {
                                    "location":0.2,
                                    "derivative":0,
                                    "value":5.47
                                 }
                              ]
                           }
                        },
                        {
                           "location":0.35,
                           "derivative":0,
                           "value":5.47
                        },
                        {
                           "location":0.45,
                           "derivative":0,
                           "value":{
                              "coordinate":"overworld/ridges_folded",
                              "points":[
                                 {
                                    "location":-0.9,
                                    "derivative":0,
                                    "value":5.47
                                 },
                                 {
                                    "location":-0.69,
                                    "derivative":0,
                                    "value":{
                                       "coordinate":"overworld/ridges",
                                       "points":[
                                          {
                                             "location":0,
                                             "derivative":0,
                                             "value":5.47
                                          },
                                          {
                                             "location":0.1,
                                             "derivative":0,
                                             "value":0.625
                                          }
                                       ]
                                    }
                                 }
                              ]
                           }
                        },
                        {
                           "location":0.55,
                           "derivative":0,
                           "value":{
                              "coordinate":"overworld/ridges_folded",
                              "points":[
                                 {
                                    "location":-0.9,
                                    "derivative":0,
                                    "value":5.47
                                 },
                                 {
                                    "location":-0.69,
                                    "derivative":0,
                                    "value":{
                                       "coordinate":"overworld/ridges",
                                       "points":[
                                          {
                                             "location":0,
                                             "derivative":0,
                                             "value":5.47
                                          },
                                          {
                                             "location":0.1,
                                             "derivative":0,
                                             "value":0.625
                                          }
                                       ]
                                    }
                                 }
                              ]
                           }
                        },
                        {
                           "location":0.62,
                           "derivative":0,
                           "value":5.47
                        }
                     ]
                  }
               },
               {
                  "location":0.03,
                  "derivative":0,
                  "value":{
                     "coordinate":"overworld/erosion",
                     "points":[
                        {
                           "location":-0.6,
                           "derivative":0,
                           "value":{
                              "coordinate":"overworld/ridges",
                              "points":[
                                 {
                                    "location":-0.2,
                                    "derivative":0,
                                    "value":6.3
                                 },
                                 {
                                    "location":0.2,
                                    "derivative":0,
                                    "value":5.08
                                 }
                              ]
                           }
                        },
                        {
                           "location":-0.5,
                           "derivative":0,
                           "value":{
                              "coordinate":"overworld/ridges",
                              "points":[
                                 {
                                    "location":-0.05,
                                    "derivative":0,
                                    "value":6.3
                                 },
                                 {
                                    "location":0.05,
                                    "derivative":0,
                                    "value":2.67
                                 }
                              ]
                           }
                        },
                        {
                           "location":-0.35,
                           "derivative":0,
                           "value":{
                              "coordinate":"overworld/ridges",
                              "points":[
                                 {
                                    "location":-0.2,
                                    "derivative":0,
                                    "value":6.3
                                 },
                                 {
                                    "location":0.2,
                                    "derivative":0,
                                    "value":5.08
                                 }
                              ]
                           }
                        },
                        {
                           "location":-0.25,
                           "derivative":0,
                           "value":{
                              "coordinate":"overworld/ridges",
                              "points":[
                                 {
                                    "location":-0.66,
                                    "derivative":0,
                                    "value":2.25
                                 },
                                 {
                                    "location":-0.2,
                                    "derivative":2,
                                    "value":2.65
                                 },
                                 {
                                    "location":0,
                                    "derivative":0,
                                    "value":5
                                 },
                                 {
                                    "location":0.2,
                                    "derivative":-2,
                                    "value":3.5
                                 },
                                 {
                                    "location":0.66,
                                    "derivative":0,
                                    "value":2
                                 }
                              ]
                           }
                        },
                        {
                           "location":-0.1,
                           "derivative":0,
                           "value":{
                              "coordinate":"overworld/ridges",
                              "points":[
                                 {
                                    "location":-0.66,
                                    "derivative":0,
                                    "value":1.75
                                 },
                                 {
                                    "location":-0.2,
                                    "derivative":2,
                                    "value":2.5
                                 },
                                 {
                                    "location":0,
                                    "derivative":0,
                                    "value":6
                                 },
                                 {
                                    "location":0.2,
                                    "derivative":-2,
                                    "value":2
                                 },
                                 {
                                    "location":0.66,
                                    "derivative":0,
                                    "value":1.55
                                 }
                              ]
                           }
                        },
                        {
                           "location":0.03,
                           "derivative":0,
                           "value":{
                              "coordinate":"overworld/ridges",
                              "points":[
                                 {
                                    "location":-0.2,
                                    "derivative":0,
                                    "value":6.3
                                 },
                                 {
                                    "location":0.2,
                                    "derivative":0,
                                    "value":5.08
                                 }
                              ]
                           }
                        },
                        {
                           "location":0.35,
                           "derivative":0,
                           "value":5.08
                        },
                        {
                           "location":0.45,
                           "derivative":0,
                           "value":{
                              "coordinate":"overworld/ridges_folded",
                              "points":[
                                 {
                                    "location":-0.9,
                                    "derivative":0,
                                    "value":5.08
                                 },
                                 {
                                    "location":-0.69,
                                    "derivative":0,
                                    "value":{
                                       "coordinate":"overworld/ridges",
                                       "points":[
                                          {
                                             "location":0,
                                             "derivative":0,
                                             "value":5.08
                                          },
                                          {
                                             "location":0.1,
                                             "derivative":0,
                                             "value":5.08
                                          }
                                       ]
                                    }
                                 }
                              ]
                           }
                        },
                        {
                           "location":0.55,
                           "derivative":0,
                           "value":{
                              "coordinate":"overworld/ridges_folded",
                              "points":[
                                 {
                                    "location":-0.9,
                                    "derivative":0,
                                    "value":5.08
                                 },
                                 {
                                    "location":-0.69,
                                    "derivative":0,
                                    "value":{
                                       "coordinate":"overworld/ridges",
                                       "points":[
                                          {
                                             "location":0,
                                             "derivative":0,
                                             "value":5.08
                                          },
                                          {
                                             "location":0.1,
                                             "derivative":0,
                                             "value":5.08
                                          }
                                       ]
                                    }
                                 }
                              ]
                           }
                        },
                        {
                           "location":0.62,
                           "derivative":0,
                           "value":5.08
                        }
                     ]
                  }
               },
               {
                  "location":0.06,
                  "derivative":0,
                  "value":{
                     "coordinate":"overworld/erosion",
                     "points":[
                        {
                           "location":-0.6,
                           "derivative":0,
                           "value":{
                              "coordinate":"overworld/ridges",
                              "points":[
                                 {
                                    "location":-0.2,
                                    "derivative":0,
                                    "value":6.3
                                 },
                                 {
                                    "location":0.2,
                                    "derivative":0,
                                    "value":4.69
                                 }
                              ]
                           }
                        },
                        {
                           "location":-0.5,
                           "derivative":0,
                           "value":{
                              "coordinate":"overworld/ridges",
                              "points":[
                                 {
                                    "location":-0.05,
                                    "derivative":0,
                                    "value":6.3
                                 },
                                 {
                                    "location":0.05,
                                    "derivative":0,
                                    "value":2.67
                                 }
                              ]
                           }
                        },
                        {
                           "location":-0.35,
                           "derivative":0,
                           "value":{
                              "coordinate":"overworld/ridges",
                              "points":[
                                 {
                                    "location":-0.2,
                                    "derivative":0,
                                    "value":6.3
                                 },
                                 {
                                    "location":0.2,
                                    "derivative":0,
                                    "value":4.69
                                 }
                              ]
                           }
                        },
                        {
                           "location":-0.25,
                           "derivative":0,
                           "value":{
                              "coordinate":"overworld/ridges",
                              "points":[
                                 {
                                    "location":-0.2,
                                    "derivative":0,
                                    "value":6.3
                                 },
                                 {
                                    "location":0.2,
                                    "derivative":0,
                                    "value":4.69
                                 }
                              ]
                           }
                        },
                        {
                           "location":-0.1,
                           "derivative":0,
                           "value":{
                              "coordinate":"overworld/ridges",
                              "points":[
                                 {
                                    "location":-0.05,
                                    "derivative":0,
                                    "value":2.67
                                 },
                                 {
                                    "location":0.05,
                                    "derivative":0,
                                    "value":6.3
                                 }
                              ]
                           }
                        },
                        {
                           "location":0.03,
                           "derivative":0,
                           "value":{
                              "coordinate":"overworld/ridges",
                              "points":[
                                 {
                                    "location":-0.2,
                                    "derivative":0,
                                    "value":6.3
                                 },
                                 {
                                    "location":0.2,
                                    "derivative":0,
                                    "value":4.69
                                 }
                              ]
                           }
                        },
                        {
                           "location":0.05,
                           "derivative":0,
                           "value":{
                              "coordinate":"overworld/ridges_folded",
                              "points":[
                                 {
                                    "location":0.45,
                                    "derivative":0,
                                    "value":{
                                       "coordinate":"overworld/ridges",
                                       "points":[
                                          {
                                             "location":-0.2,
                                             "derivative":0,
                                             "value":6.3
                                          },
                                          {
                                             "location":0.2,
                                             "derivative":0,
                                             "value":4.69
                                          }
                                       ]
                                    }
                                 },
                                 {
                                    "location":0.7,
                                    "derivative":0,
                                    "value":1.56
                                 }
                              ]
                           }
                        },
                        {
                           "location":0.4,
                           "derivative":0,
                           "value":{
                              "coordinate":"overworld/ridges_folded",
                              "points":[
                                 {
                                    "location":0.45,
                                    "derivative":0,
                                    "value":{
                                       "coordinate":"overworld/ridges",
                                       "points":[
                                          {
                                             "location":-0.2,
                                             "derivative":0,
                                             "value":6.3
                                          },
                                          {
                                             "location":0.2,
                                             "derivative":0,
                                             "value":4.69
                                          }
                                       ]
                                    }
                                 },
                                 {
                                    "location":0.7,
                                    "derivative":0,
                                    "value":1.56
                                 }
                              ]
                           }
                        },
                        {
                           "location":0.45,
                           "derivative":0,
                           "value":{
                              "coordinate":"overworld/ridges_folded",
                              "points":[
                                 {
                                    "location":-0.7,
                                    "derivative":0,
                                    "value":{
                                       "coordinate":"overworld/ridges",
                                       "points":[
                                          {
                                             "location":-0.2,
                                             "derivative":0,
                                             "value":6.3
                                          },
                                          {
                                             "location":0.2,
                                             "derivative":0,
                                             "value":4.69
                                          }
                                       ]
                                    }
                                 },
                                 {
                                    "location":-0.15,
                                    "derivative":0,
                                    "value":1.37
                                 }
                              ]
                           }
                        },
                        {
                           "location":0.55,
                           "derivative":0,
                           "value":{
                              "coordinate":"overworld/ridges_folded",
                              "points":[
                                 {
                                    "location":-0.7,
                                    "derivative":0,
                                    "value":{
                                       "coordinate":"overworld/ridges",
                                       "points":[
                                          {
                                             "location":-0.2,
                                             "derivative":0,
                                             "value":6.3
                                          },
                                          {
                                             "location":0.2,
                                             "derivative":0,
                                             "value":4.69
                                          }
                                       ]
                                    }
                                 },
                                 {
                                    "location":-0.15,
                                    "derivative":0,
                                    "value":1.37
                                 }
                              ]
                           }
                        }
                     ]
                  }
               },
               {
                  "location":0.2,
                  "derivative":0,
                  "value":{
                     "coordinate":"overworld/erosion",
                     "points":[
                        {
                           "location":0,
                           "derivative":0,
                           "value":8
                        },
                        {
                           "location":0.1,
                           "derivative":-20,
                           "value":8
                        },
                        {
                           "location":0.4,
                           "derivative":0,
                           "value":8
                        },
                        {
                           "location":0.7,
                           "derivative":0,
                           "value":8
                        },
                        {
                           "location":0.9,
                           "derivative":0,
                           "value":8
                        }
                     ]
                  }
               },
               {
                  "location":0.35,
                  "derivative":0,
                  "value":{
                     "coordinate":"overworld/erosion",
                     "points":[
                        {
                           "location":0.45,
                           "derivative":0,
                           "value":6
                        },
                        {
                           "location":0.5,
                           "derivative":-20,
                           "value":4
                        },
                        {
                           "location":0.65,
                           "derivative":0,
                           "value":0.6
                        }
                     ]
                  }
               },
               {
                  "location":0.65,
                  "derivative":0,
                  "value":{
                     "coordinate":"overworld/erosion",
                     "points":[
                        {
                           "location":-1,
                           "derivative":0,
                           "value":{
                              "coordinate":"overworld/ridges",
                              "points":[
                                 {
                                    "location":-0.1,
                                    "derivative":0,
                                    "value":6
                                 },
                                 {
                                    "location":0,
                                    "derivative":0,
                                    "value":6
                                 },
                                 {
                                    "location":0.1,
                                    "derivative":-12,
                                    "value":6
                                 },
                                 {
                                    "location":0.6,
                                    "derivative":0,
                                    "value":2
                                 }
                              ]
                           }
                        },
                        {
                           "location":-0.25,
                           "derivative":0,
                           "value":{
                              "coordinate":"overworld/ridges",
                              "points":[
                                 {
                                    "location":-0.1,
                                    "derivative":0,
                                    "value":6
                                 },
                                 {
                                    "location":0,
                                    "derivative":0,
                                    "value":6
                                 },
                                 {
                                    "location":0.1,
                                    "derivative":-12,
                                    "value":6
                                 },
                                 {
                                    "location":0.6,
                                    "derivative":0,
                                    "value":2
                                 }
                              ]
                           }
                        },
                        {
                           "location":-0.2,
                           "derivative":0,
                           "value":{
                              "coordinate":"overworld/ridges",
                              "points":[
                                 {
                                    "location":-0.66,
                                    "derivative":0,
                                    "value":3
                                 },
                                 {
                                    "location":-0.2,
                                    "derivative":2,
                                    "value":4
                                 },
                                 {
                                    "location":0,
                                    "derivative":0,
                                    "value":5
                                 },
                                 {
                                    "location":0.2,
                                    "derivative":-2,
                                    "value":4
                                 },
                                 {
                                    "location":0.66,
                                    "derivative":0,
                                    "value":3
                                 }
                              ]
                           }
                        },
                        {
                           "location":-0.075,
                           "derivative":0,
                           "value":{
                              "coordinate":"overworld/ridges",
                              "points":[
                                 {
                                    "location":-0.66,
                                    "derivative":0,
                                    "value":2.5
                                 },
                                 {
                                    "location":-0.2,
                                    "derivative":2,
                                    "value":4
                                 },
                                 {
                                    "location":0,
                                    "derivative":0,
                                    "value":6
                                 },
                                 {
                                    "location":0.2,
                                    "derivative":-2,
                                    "value":6
                                 },
                                 {
                                    "location":0.66,
                                    "derivative":0,
                                    "value":4.5
                                 }
                              ]
                           }
                        },
                        {
                           "location":0.25,
                           "derivative":0,
                           "value":{
                              "coordinate":"overworld/ridges",
                              "points":[
                                 {
                                    "location":-0.1,
                                    "derivative":0,
                                    "value":20
                                 },
                                 {
                                    "location":0,
                                    "derivative":0,
                                    "value":20
                                 },
                                 {
                                    "location":0.1,
                                    "derivative":0,
                                    "value":20
                                 },
                                 {
                                    "location":0.6,
                                    "derivative":0,
                                    "value":20
                                 }
                              ]
                           }
                        },
                        {
                           "location":0.45,
                           "derivative":0,
                           "value":8
                        },
                        {
                           "location":0.5,
                           "derivative":-20,
                           "value":4
                        },
                        {
                           "location":0.65,
                           "derivative":0,
                           "value":0.575
                        }
                     ]
                  }
               }
            ]
         },
          "type": "minecraft:spline"
        },
        "argument2": {
          "argument": {
            "type": "minecraft:blend_alpha"
          },
          "type": "minecraft:cache_once"
        },
        "type": "minecraft:mul"
      },
      "type": "minecraft:add"
    },
    "type": "minecraft:cache_2d"
  },
  "type": "minecraft:flat_cache"
}